City_ID,City,Lat,Lng,Max Temp,Humidity,Cloudiness,Wind Speed,Country,Date
0,blackmans bay,-43.0167,147.3167,16.07,64,40,2.61,AU,1682507483
1,iskateley,67.6803,53.1512,-0.21,88,7,4.64,RU,1682507483
2,kingston,17.997,-76.7936,23.47,88,25,1.03,JM,1682507318
3,pechory,57.8164,27.6119,20.7,44,33,4.84,RU,1682507484
4,nuuk,64.1835,-51.7216,0.34,100,100,5.66,GL,1682507484
5,kodiak,57.79,-152.4072,1.73,93,100,2.06,US,1682507484
6,ilulissat,69.2167,-51.1,0.01,100,100,2.57,GL,1682507485
7,kiunga,-6.1219,141.2906,24.15,99,100,0.41,PG,1682507485
8,waitangi,-43.9535,-176.5597,8.79,86,51,1.34,NZ,1682507326
9,severo-yeniseyskiy,60.3725,93.0408,-1.14,85,100,3.06,RU,1682507487
10,port mathurin,-19.6833,63.4167,26.21,78,17,5.78,MU,1682507488
11,arkalyk,50.2486,66.9114,21.25,23,77,0.94,KZ,1682507489
12,ar ruways,24.1103,52.7306,28.43,52,96,5.11,AE,1682507489
13,san julian,21.0167,-102.1667,13.08,20,85,2.46,MX,1682507489
14,dudinka,69.4058,86.1778,-0.21,97,100,5.29,RU,1682507490
15,iqaluit,63.7506,-68.5145,-1.28,92,100,0.89,CA,1682507491
16,adamstown,-25.066,-130.1015,23.99,74,7,4.82,PN,1682507491
17,malango,-2.9627,119.9001,20.93,99,99,0.55,ID,1682507491
18,remire-montjoly,4.9167,-52.2667,23.02,100,75,1.54,GF,1682507492
19,bronderslev,57.2702,9.941,9.38,53,7,11.75,DK,1682507493
20,port-aux-francais,-49.35,70.2167,7.11,99,100,5.58,TF,1682507493
21,udachny,66.4167,112.4,-2.0,84,100,3.33,RU,1682507494
22,puerto baquerizo moreno,-0.9,-89.6,25.09,82,2,3.25,EC,1682507494
23,edinburgh of the seven seas,-37.0676,-12.3116,15.16,68,100,9.76,SH,1682507494
24,bethel,41.3712,-73.414,6.46,83,20,0.0,US,1682507495
25,haicheng,40.8516,122.7475,10.16,25,19,3.39,CN,1682507496
26,morrope,-6.5417,-80.0111,24.06,73,95,2.66,PE,1682507496
27,crane,31.3974,-102.3501,16.56,70,10,5.57,US,1682507496
28,port lincoln,-34.7333,135.8667,17.57,84,100,10.2,AU,1682507497
29,puerto lempira,15.2667,-83.7667,24.17,85,82,2.03,HN,1682507278
30,bilibino,68.0546,166.4372,-12.85,75,18,2.37,RU,1682507498
31,sosnovo-ozerskoye,52.5249,111.5418,7.72,30,91,2.76,RU,1682507498
32,margaret river,-33.95,115.0667,16.68,73,98,6.25,AU,1682507498
33,northam,51.0333,-4.2167,11.33,85,100,5.32,GB,1682507499
34,papatowai,-46.5619,169.4708,11.46,80,79,6.23,NZ,1682507499
35,three points,32.0767,-111.3137,18.12,30,3,3.1,US,1682507499
36,bredasdorp,-34.5322,20.0403,22.1,55,98,0.58,ZA,1682507499
37,bodo,67.28,14.405,3.3,66,75,7.2,NO,1682507500
38,tual,-5.6667,132.75,29.07,73,89,3.96,ID,1682507500
39,hithadhoo,-0.6,73.0833,29.32,74,79,5.31,MV,1682507500
40,albany,42.6001,-73.9662,2.67,85,11,0.89,US,1682507206
41,sinop,41.7711,34.8709,15.24,47,100,3.35,TR,1682507501
42,greenville,35.6127,-77.3663,11.18,93,0,0.45,US,1682507461
43,saipan,15.1355,145.701,27.58,100,75,8.75,MP,1682507501
44,carutapera,-1.195,-46.02,26.16,90,90,2.66,BR,1682507501
45,alappuzha,9.49,76.3264,28.89,74,84,2.93,IN,1682507502
46,ribeira grande,38.5167,-28.7,18.22,88,40,8.49,PT,1682507502
47,susuman,62.7833,148.1667,-10.4,94,80,0.78,RU,1682507502
48,kourou,5.1552,-52.6478,23.03,94,100,1.21,GF,1682507503
49,visby,57.6409,18.296,10.02,75,20,3.6,SE,1682507503
50,muragacha,23.5333,88.4,38.67,17,65,2.59,IN,1682507503
51,aldinga beach,-35.2793,138.4604,25.37,58,8,6.88,AU,1682507503
52,grytviken,-54.2811,-36.5092,1.16,81,29,5.36,GS,1682507504
53,christchurch,-43.5333,172.6333,9.07,78,20,1.03,NZ,1682507346
54,novyy urgal,51.0736,132.5642,0.7,75,87,3.3,RU,1682507504
55,smithers,54.7804,-127.1743,2.15,91,100,1.68,CA,1682507504
56,lautoka,-17.6167,177.4667,25.92,78,75,0.0,FJ,1682507505
57,bethanie,-26.4833,17.15,33.09,14,1,8.36,NA,1682507505
58,kabompo,-13.5927,24.2008,28.51,31,41,3.68,ZM,1682507505
59,carnarvon,-24.8667,113.6333,20.67,57,0,7.22,AU,1682507506
60,yellowknife,62.456,-114.3525,0.87,100,100,2.24,CA,1682507289
61,hawaiian paradise park,19.5933,-154.9731,21.13,91,0,1.54,US,1682507506
62,port elizabeth,-33.918,25.5701,28.94,74,49,1.34,ZA,1682507506
63,weno,7.4515,151.8468,27.97,83,100,3.6,FM,1682507507
64,georgetown,5.4112,100.3354,30.96,74,20,4.63,MY,1682507348
65,akjoujt,19.6969,-14.4164,32.79,20,0,3.15,MR,1682507508
66,amungan,15.3652,119.9582,27.24,81,78,2.6,PH,1682507508
67,wajir,1.7471,40.0573,30.83,54,94,4.23,KE,1682507508
68,bathsheba,13.2167,-59.5167,26.34,89,75,3.6,BB,1682507508
69,manacapuru,-3.2997,-60.6206,24.02,94,99,0.12,BR,1682507509
70,castillos,-34.1667,-53.8333,15.65,95,41,2.06,UY,1682507509
71,puerto natales,-51.7236,-72.4875,2.71,84,99,2.74,CL,1682507509
72,kumi,36.1136,128.336,10.75,59,0,2.95,KR,1682507509
73,longyearbyen,78.2186,15.6401,-0.09,51,0,0.0,SJ,1682507509
74,galliano,29.4422,-90.2992,22.0,88,100,0.0,US,1682507500
75,vilyuchinsk,52.9306,158.4028,2.15,77,3,4.33,RU,1682507510
76,vorgashor,67.5833,63.95,-2.95,88,99,4.91,RU,1682507510
77,invercargill,-46.4,168.35,11.68,82,97,0.89,NZ,1682507432
78,college,64.8569,-147.8028,-2.03,54,75,3.09,US,1682507511
79,belyy yar,53.6039,91.3903,0.94,93,40,1.0,RU,1682507511
80,stanley,54.868,-1.6985,10.95,54,20,1.54,GB,1682507513
81,chistyye bory,58.3647,41.6278,11.04,95,100,1.05,RU,1682507513
82,letpandan,17.7833,95.75,40.59,15,4,7.77,MM,1682507513
83,usinsk,65.9939,57.5281,1.0,83,16,1.88,RU,1682507513
84,barra do bugres,-15.0725,-57.1811,22.42,93,81,0.86,BR,1682507514
85,ikirun,7.9167,4.6667,32.78,49,98,3.49,NG,1682507514
86,constantia,44.1833,28.65,16.5,66,100,5.3,RO,1682507514
87,quellon,-43.1167,-73.6167,8.14,93,100,0.0,CL,1682507514
88,coquimbo,-29.9533,-71.3436,13.85,100,100,1.03,CL,1682507514
89,puerto ayora,-0.7393,-90.3518,23.08,98,1,0.45,EC,1682507259
90,flying fish cove,-10.4217,105.6791,27.54,78,100,4.74,CX,1682507515
91,hirara,24.8,125.2833,21.74,74,99,10.2,JP,1682507515
92,la plata,-34.9215,-57.9545,15.02,99,62,2.1,AR,1682507515
93,naze,28.3667,129.4833,16.41,67,40,6.8,JP,1682507516
94,monteiro,-7.8894,-37.12,24.21,69,79,3.99,BR,1682507516
95,el granada,37.5027,-122.4694,12.72,90,20,4.12,US,1682507516
96,lucas,41.6501,-83.6666,1.1,92,0,0.0,US,1682507517
97,minas novas,-17.2186,-42.5903,22.17,78,88,1.4,BR,1682507517
98,codrington,-38.2667,141.9667,20.42,50,100,7.18,AU,1682507517
99,san blas,21.5167,-105.2667,19.76,55,100,1.19,MX,1682507517
100,kenai,60.5544,-151.2583,2.3,77,100,2.06,US,1682507517
101,priozersk,61.0393,30.1291,19.5,55,20,3.62,RU,1682507518
102,st. john's,47.5649,-52.7093,3.21,92,100,8.49,CA,1682507346
103,lebu,-37.6167,-73.65,12.9,85,97,1.97,CL,1682507518
104,enewetak,11.3474,162.3373,26.99,84,94,9.28,MH,1682507518
105,sao vicente,-23.9631,-46.3919,25.1,26,89,1.36,BR,1682507459
106,sinabang,2.4803,96.3801,28.65,76,99,3.65,ID,1682507519
107,novoishimskiy,53.1981,66.7694,22.92,23,94,4.88,KZ,1682507519
108,badger,64.8,-147.5333,-2.07,61,75,3.09,US,1682507519
109,port blair,11.6667,92.75,30.52,64,100,3.2,IN,1682507519
110,vadso,70.0744,29.7487,3.09,81,20,4.63,NO,1682507519
111,fale old settlement,-9.3852,-171.2468,28.73,77,76,6.42,TK,1682507520
112,ryazhsk,53.7038,40.1109,14.36,66,100,6.91,RU,1682507520
113,itanagar,27.1,93.6167,29.16,41,64,0.74,IN,1682507467
114,taoudenni,22.6783,-3.9836,37.44,8,0,6.59,ML,1682507520
115,chulym,55.0997,80.9572,15.22,51,32,6.74,RU,1682507520
116,olonkinbyen,70.9221,-8.7187,-3.23,70,100,5.65,SJ,1682507521
117,newnham,-41.3833,147.1333,13.15,82,53,1.54,AU,1682507521
118,avarua,-21.2078,-159.775,25.03,78,100,2.57,CK,1682507331
119,meadow lake,34.8014,-106.5436,7.29,37,7,2.19,US,1682507522
120,afaahiti,-17.75,-149.2833,23.93,87,68,5.85,PF,1682507523
121,luderitz,-26.6481,15.1594,21.73,60,15,4.62,NA,1682507523
122,zabol,32.25,67.25,23.61,15,98,8.52,AF,1682507523
123,puerto deseado,-47.7503,-65.8938,8.38,87,6,5.19,AR,1682507524
124,sao joao da barra,-21.6403,-41.0511,24.05,86,11,2.29,BR,1682507525
125,salalah,17.0151,54.0924,33.05,62,20,6.69,OM,1682507526
126,yeed,4.55,43.0333,31.14,50,76,1.91,SO,1682507526
127,tsiombe,-25.3,45.4833,26.25,46,10,5.01,MG,1682507241
128,port douglas,-16.4833,145.4667,23.91,80,24,5.11,AU,1682507527
129,kani keli,-12.9536,45.1033,30.59,74,36,4.56,YT,1682507527
130,uzhur,55.3036,89.8339,2.5,61,100,5.02,RU,1682507528
131,narasannapeta,18.4167,84.05,30.65,60,71,5.62,IN,1682507528
132,potosi,-19.5836,-65.7531,3.89,26,0,1.66,BO,1682507528
133,morteros,-30.7116,-61.9986,14.39,91,7,1.42,AR,1682507529
134,tiksi,71.6872,128.8694,-12.47,93,15,1.3,RU,1682507529
135,mana,5.6592,-53.7767,24.38,93,100,3.55,GF,1682507529
136,aasiaat,68.7098,-52.8699,-0.46,98,100,1.91,GL,1682507530
137,thompson,55.7435,-97.8558,-3.75,95,96,3.64,CA,1682507530
138,volgograd,48.7194,44.5018,20.38,42,0,6.0,RU,1682507233
139,whitehorse,60.7161,-135.0538,-2.05,63,100,0.89,CA,1682507531
140,port alfred,-33.5906,26.891,23.99,87,12,3.58,ZA,1682507532
141,punta arenas,-53.15,-70.9167,7.06,70,40,7.72,CL,1682507532
142,hermanus,-34.4187,19.2345,21.56,68,91,3.41,ZA,1682507533
143,talnakh,69.4865,88.3972,-0.44,94,99,2.98,RU,1682507533
144,virginia,37.5481,-77.4467,6.25,92,40,2.06,US,1682507392
145,ushuaia,-54.8,-68.3,6.81,57,75,2.57,AR,1682507458
146,nizhneangarsk,55.7833,109.55,1.61,72,45,3.81,RU,1682507534
147,yeppoon,-23.1333,150.7333,21.88,73,2,9.2,AU,1682507535
148,madingou,-4.1536,13.55,29.22,71,98,0.2,CG,1682507536
149,oranjemund,-28.55,16.4333,18.81,70,79,4.46,NA,1682507536
150,ocean city,39.2776,-74.5746,9.99,80,6,0.84,US,1682507536
151,queenstown,-31.8976,26.8753,27.33,19,2,4.59,ZA,1682507537
152,la manga del mar menor,37.6413,-0.7165,28.36,75,40,4.47,ES,1682507538
153,shovot,41.6607,60.2924,32.02,7,34,8.29,UZ,1682507539
154,howard springs,-12.497,131.047,26.95,93,71,2.33,AU,1682507539
155,montes claros,-16.735,-43.8617,22.59,71,3,3.13,BR,1682507260
156,taltal,-25.4,-70.4833,16.77,83,38,0.27,CL,1682507540
157,sangueya,10.7,-14.3667,33.67,36,100,1.84,GN,1682507541
158,harper,4.375,-7.7169,25.25,87,100,4.59,LR,1682507541
159,bandarbeyla,9.4942,50.8122,31.26,64,10,8.39,SO,1682507542
160,anshun,26.25,105.9333,17.6,61,73,6.17,CN,1682507542
161,uturoa,-16.7333,-151.4333,27.76,76,95,2.98,PF,1682507542
162,axim,4.8699,-2.2405,29.84,66,100,3.89,GH,1682507543
163,san rafael del yuma,18.4299,-68.6739,22.11,81,21,1.79,DO,1682507543
164,dadhar,29.4753,67.6514,36.85,9,100,3.8,PK,1682507544
165,arteche,12.2645,125.4048,26.15,84,92,1.89,PH,1682507544
166,holualoa,19.6228,-155.9522,21.91,97,100,2.24,US,1682507544
167,nar'yan-mar,67.6713,53.087,-0.18,88,7,4.61,RU,1682507545
168,chonchi,-42.6128,-73.8092,7.84,97,92,0.74,CL,1682507545
169,giado,31.9582,12.0203,29.23,13,3,5.38,LY,1682507546
170,boa vista,2.8197,-60.6733,22.99,94,100,1.54,BR,1682507546
171,portel,-1.9356,-50.8211,24.13,95,55,0.69,BR,1682507347
172,loen,7.7601,168.2307,28.01,79,88,8.73,MH,1682507547
173,geraldton,-28.7667,114.6,19.23,68,28,3.6,AU,1682507547
174,ancud,-41.8697,-73.8203,10.77,93,89,1.15,CL,1682507548
175,tynda,55.1667,124.7167,-4.17,86,40,1.18,RU,1682507548
176,cabo san lucas,22.8909,-109.9124,19.78,68,93,6.28,MX,1682507411
177,labrador city,52.9463,-66.9114,2.7,86,81,1.21,CA,1682507549
178,ishigaki,24.3448,124.1572,21.3,79,100,10.97,JP,1682507550
179,polyarnyy,69.1989,33.4478,0.62,86,58,2.22,RU,1682507550
180,shingu,33.7333,135.9833,12.72,77,18,2.69,JP,1682507551
181,shalqar,47.8333,59.6,24.88,13,91,9.7,KZ,1682507551
182,necochea,-38.5473,-58.7368,15.0,74,81,3.5,AR,1682507551
183,bor,56.3567,44.0669,16.96,57,84,6.12,RU,1682507551
184,angaur state,6.906,134.13,29.15,68,6,3.9,PW,1682507552
185,lompoc,34.6391,-120.4579,9.73,97,100,0.89,US,1682507552
186,manismata,-2.4667,111.0333,24.86,96,84,1.14,ID,1682507326
187,roslavl',53.9528,32.8639,17.7,38,28,4.03,RU,1682507553
188,eraan,9.0629,117.7016,26.7,84,86,1.86,PH,1682507553
189,bogotol,56.2078,89.5342,3.1,63,100,3.63,RU,1682507554
190,filadelfia,39.9523,-75.1638,7.94,76,75,1.54,US,1682507319
191,kapuskasing,49.4169,-82.4331,-2.74,97,100,1.84,CA,1682507555
192,tselinnoye,53.0833,85.6667,4.59,92,99,2.58,RU,1682507555
193,yaren,-0.5472,166.916,29.16,74,62,7.53,NR,1682507556
194,kamaishi,39.2667,141.8833,11.16,94,100,3.58,JP,1682507556
195,tazovsky,67.4667,78.7,-3.43,89,12,3.13,RU,1682507557
196,usogorsk,63.4106,48.6872,2.18,100,100,3.33,RU,1682507557
197,alice springs,-23.7,133.8833,22.75,53,100,0.0,AU,1682507557
198,murray bridge,-35.1167,139.2667,23.96,40,1,7.15,AU,1682507558
199,berriane,32.8265,3.7669,30.92,14,3,2.81,DZ,1682507559
200,verkhnyaya sinyachikha,57.976,61.6673,19.63,40,100,2.55,RU,1682507559
201,zaqatala,41.6336,46.6433,20.26,60,75,2.06,AZ,1682507560
202,vilhena,-12.7406,-60.1458,20.51,95,97,0.32,BR,1682507378
203,nelson bay,-32.7167,152.15,20.56,75,7,6.26,AU,1682507560
204,vershino-darasunskiy,52.35,115.5167,5.05,31,87,2.22,RU,1682507560
205,mount isa,-20.7333,139.5,24.87,53,100,1.54,AU,1682507561
206,wailua homesteads,22.0669,-159.378,21.44,77,100,2.06,US,1682507561
207,itoman,26.1247,127.6694,21.01,73,75,5.66,JP,1682507561
208,yurimaguas,-5.9,-76.0833,21.87,99,99,0.67,PE,1682507562
209,marsh harbour,26.5412,-77.0636,24.11,76,72,4.26,BS,1682507562
210,la ronge,55.1001,-105.2842,2.33,98,100,3.61,CA,1682507562
211,emerald,-23.5333,148.1667,20.75,58,39,6.11,AU,1682507415
212,locust grove,33.346,-84.1091,14.61,75,99,1.79,US,1682507563
213,jamestown,42.097,-79.2353,4.77,96,100,2.57,US,1682507421
214,borogontsy,62.6683,131.1683,-2.49,96,97,1.85,RU,1682507563
215,sabha,27.0377,14.4283,32.41,13,0,4.81,LY,1682507563
216,happy valley-goose bay,53.3168,-60.3315,5.29,84,96,0.19,CA,1682507550
217,astrea,9.4983,-73.9759,23.64,84,94,1.3,CO,1682507564
218,el tarf,36.7672,8.3138,25.87,35,17,3.36,DZ,1682507564
219,saint-pierre,-21.3393,55.4781,28.65,73,100,4.12,RE,1682507564
220,praia da vitoria,38.7333,-27.0667,18.2,92,26,9.54,PT,1682507523
221,nemuro,43.3236,145.575,5.55,97,100,11.61,JP,1682507565
222,bonthe,7.5264,-12.505,27.65,73,97,1.64,SL,1682507565
223,jokioinen,60.8016,23.48,12.56,70,100,3.82,FI,1682507565
224,isafjordur,66.0755,-23.124,-0.98,64,20,4.63,IS,1682507566
225,nuku'alofa,-21.1333,-175.2,24.19,94,40,5.66,TO,1682507566
226,cidreira,-30.1811,-50.2056,18.81,92,100,0.76,BR,1682507566
227,nouadhibou,20.931,-17.0347,19.25,86,0,5.3,MR,1682507567
228,fada,9.5667,8.3,33.25,38,59,2.94,NG,1682507567
229,shilin,24.8188,103.3324,20.88,50,70,5.03,CN,1682507567
230,douglas,41.3,-96.167,6.99,67,0,3.6,US,1682507567
231,pandan,14.0453,124.1694,26.48,84,62,4.16,PH,1682507567
232,asubulaq,49.5583,83.0558,10.17,77,66,2.82,KZ,1682507568
233,sept-iles,50.2001,-66.3821,1.7,83,10,0.45,CA,1682507568
234,boguchany,58.3814,97.4531,2.39,72,100,3.27,RU,1682507569
235,tangalle,6.024,80.7911,28.09,78,59,1.93,LK,1682507569
236,elmali,36.7358,29.9177,14.53,54,100,4.36,TR,1682507569
237,anadyr,64.75,177.4833,-8.72,67,0,6.0,RU,1682507570
238,sitka,57.0531,-135.33,6.94,65,100,8.75,US,1682507570
239,floro,61.5996,5.0328,6.8,75,40,3.09,NO,1682507570
240,safford,32.834,-109.7076,16.51,35,0,4.63,US,1682507570
241,petropavlovsk-kamchatsky,53.0452,158.6483,1.33,60,0,2.0,RU,1682507571
242,mao,39.8885,4.2658,21.31,49,0,4.63,ES,1682507387
243,belmonte,-15.8631,-38.8828,25.25,80,23,1.87,BR,1682507571
244,mishkino,55.3389,63.9175,22.77,23,100,6.83,RU,1682507571
245,bunda,-2.05,33.8667,22.72,81,98,3.65,TZ,1682507571
246,sungailiat,-1.85,106.1333,27.82,76,80,1.67,ID,1682507572
247,ust-nera,64.5667,143.2,-8.08,96,99,0.94,RU,1682507572
248,murghob,38.1702,73.9667,3.0,50,79,4.26,TJ,1682507572
249,tolanaro,-25.0319,46.9987,24.81,53,9,5.06,MG,1682507573
250,kavieng,-2.5744,150.7967,28.24,76,20,3.07,PG,1682507573
251,santo antonio do ica,-3.1022,-67.9397,21.62,98,92,0.07,BR,1682507573
252,san antonio de pale,-1.4014,5.6325,27.94,75,89,2.29,GQ,1682507573
253,zelenoborskiy,66.845,32.3622,0.55,87,100,4.04,RU,1682507305
254,alaghsas,17.0187,8.0168,38.91,7,37,2.63,NE,1682507574
255,ravar,31.2656,56.8055,23.45,31,100,3.3,IR,1682507574
256,okha,53.5739,142.9478,-0.62,92,100,6.18,RU,1682507575
257,mando,10.7167,6.5667,35.82,33,100,3.46,NG,1682507575
258,fort abbas,29.1925,72.8536,37.92,9,99,5.02,PK,1682507575
259,kerikeri,-35.2268,173.9474,14.39,93,8,1.77,NZ,1682507575
260,arraial do cabo,-22.9661,-42.0278,23.92,88,40,3.09,BR,1682507576
261,lihue,21.9789,-159.3672,21.77,78,100,2.06,US,1682507576
262,loukhi,66.0764,33.0381,1.25,89,100,4.57,RU,1682507576
263,ta`u,-14.2336,-169.5144,28.03,71,23,2.98,AS,1682507577
264,hadibu,12.65,54.0333,30.16,61,0,1.35,YE,1682507577
265,laojunmiao,39.8333,97.7333,12.82,25,61,9.52,CN,1682507577
266,kuta,-8.7233,115.1723,28.97,83,40,6.26,ID,1682507577
267,bengkulu,-3.8004,102.2655,27.23,81,100,1.93,ID,1682507578
268,kudahuvadhoo,2.6708,72.8944,29.17,74,100,4.92,MV,1682507578
269,baker city,44.7749,-117.8344,-1.16,93,0,0.0,US,1682507429
270,hassi messaoud,31.6804,6.0729,34.07,9,1,4.76,DZ,1682507579
271,argo,37.6333,22.7333,20.99,46,87,3.98,GR,1682507579
272,yeraliyev,43.2,51.65,18.51,68,100,3.93,KZ,1682507579
273,waingapu,-9.6567,120.2641,26.6,85,43,4.26,ID,1682507580
274,taulaga,-11.0553,-171.0883,29.02,73,95,5.52,AS,1682507580
275,kotido,2.9806,34.1331,22.89,69,98,3.72,UG,1682507377
276,mehndawal,26.9753,83.1117,36.8,11,100,3.49,IN,1682507580
277,chernyshevskiy,63.0128,112.4714,-1.95,90,100,1.14,RU,1682507580
278,labytnangi,66.6572,66.4183,0.5,85,15,5.45,RU,1682507581
279,mount gambier,-37.8333,140.7667,21.07,43,81,5.21,AU,1682507581
280,porto murtinho,-21.6989,-57.8825,20.24,98,73,0.99,BR,1682507581
281,vernon,50.2581,-119.2691,8.5,67,96,0.86,CA,1682507423
282,at taj,24.2049,23.2857,34.53,8,2,4.09,LY,1682507582
283,fort mcmurray,56.7268,-111.381,3.73,75,100,6.17,CA,1682507316
284,broome,42.2506,-75.833,4.8,74,100,2.57,US,1682507583
285,san felipe,10.3399,-68.7425,21.76,89,93,1.27,VE,1682507584
286,sussex,41.1834,-74.6663,6.69,77,100,0.0,US,1682507364
287,ipueiras,-7.0333,-40.45,24.56,69,62,5.03,BR,1682507584
288,bredy,52.4153,60.3411,21.71,19,100,9.04,RU,1682507585
289,cam ranh,11.9214,109.1591,28.98,70,0,8.23,VN,1682507585
290,east london,-33.0153,27.9116,26.09,67,9,7.32,ZA,1682507434
291,ust'-kulom,61.6864,53.6902,10.84,86,100,2.16,RU,1682507586
292,san matias,-16.3667,-58.4,23.07,89,4,0.96,BO,1682507587
293,montepuez,-13.1256,38.9997,26.72,52,7,2.94,MZ,1682507587
294,haro,42.5763,-2.8476,21.84,57,90,2.07,ES,1682507587
295,zuunmod,47.7069,106.9528,4.57,21,39,9.05,MN,1682507588
296,charters towers,-20.1,146.2667,21.22,76,47,6.51,AU,1682507589
297,bubaque,11.2833,-15.8333,25.59,59,52,2.74,GW,1682507589
298,xiongzhou,25.1167,114.3,17.45,76,0,1.3,CN,1682507589
299,bolivar,37.6145,-93.4105,8.53,81,94,3.95,US,1682507590
300,tokoroa,-38.2333,175.8667,7.75,88,18,0.45,NZ,1682507590
301,gizo,-8.103,156.8419,28.24,75,65,2.21,SB,1682507591
302,hastings,50.8552,0.5729,11.33,65,84,5.56,GB,1682507411
303,durban,-29.8579,31.0292,25.01,84,0,2.24,ZA,1682507592
304,qaqortoq,60.7167,-46.0333,0.94,87,87,0.46,GL,1682507593
305,argos orestiko,40.4667,21.2667,13.77,60,56,3.86,GR,1682507594
306,barreiras,-12.1528,-44.99,22.18,60,46,1.38,BR,1682507594
307,taft,31.7471,54.2088,26.97,21,75,2.06,IR,1682507594
308,alofi,-19.0595,-169.9187,25.61,80,26,8.18,NU,1682507595
309,isangel,-19.55,169.2667,25.6,83,99,1.78,VU,1682507595
310,kindu,-2.95,25.95,26.58,67,100,1.78,CD,1682507595
311,casper,42.8666,-106.3131,1.33,91,0,4.63,US,1682507596
312,maslyanino,54.3436,84.2111,3.01,100,100,0.81,RU,1682507596
313,berezovyy,51.6667,135.7,0.08,97,100,0.73,RU,1682507597
314,sodra sandby,56.5667,16.6167,8.92,78,85,4.63,SE,1682507597
315,sangmelima,2.9333,11.9833,31.91,47,91,0.79,CM,1682507598
316,padang,-0.9492,100.3543,29.03,88,100,1.95,ID,1682507598
317,inhambane,-23.865,35.3833,29.99,51,40,4.12,MZ,1682507599
318,lospalos,-8.5186,127.0025,23.07,94,97,1.49,TL,1682507599
319,say,13.1007,2.3689,40.17,12,94,4.37,NE,1682507600
320,atafu village,-8.5421,-172.5159,28.89,76,93,6.53,TK,1682507600
321,mossel bay,-34.1831,22.146,20.32,74,87,1.66,ZA,1682507600
322,aleksandrovskoye,44.7142,43.0008,20.4,48,21,7.61,RU,1682507601
323,nova sintra,14.8667,-24.7167,20.01,75,1,7.62,CV,1682507601
324,turkmenbasy,40.0222,52.9552,16.43,82,100,3.09,TM,1682507601
325,island harbour,50.724,-1.2758,11.85,77,99,4.92,GB,1682507602
326,port isabel,26.0734,-97.2086,23.9,95,75,3.09,US,1682507602
327,bantay,17.5847,120.3892,27.89,74,51,2.57,PH,1682507603
328,gebre guracha,9.8,38.4,20.41,43,71,1.25,ET,1682507603
329,fort bragg,35.139,-79.006,12.73,84,100,1.54,US,1682507603
330,tromso,69.6496,18.957,3.01,52,75,2.57,NO,1682507604
331,hasaki,35.7333,140.8333,15.68,90,100,4.83,JP,1682507604
332,tura,25.5198,90.2201,33.42,22,30,2.34,IN,1682507605
333,kzyltu,53.6364,72.3414,23.65,20,80,6.15,KZ,1682507605
334,klyuchi,52.2667,79.1667,21.91,26,62,7.09,RU,1682507606
335,jhargram,22.45,86.9833,37.45,21,87,4.01,IN,1682507606
336,waddan,29.1614,16.139,30.82,9,0,0.74,LY,1682507607
337,jining,35.405,116.5814,16.75,62,0,4.25,CN,1682507607
338,pont rouge,48.8833,-72.0825,3.16,97,100,2.31,CA,1682507608
339,coahuayana de hidalgo,18.7,-103.6583,21.35,57,100,1.48,MX,1682507609
340,akrehamn,59.2667,5.1833,6.67,81,75,6.17,NO,1682507609
341,aripuana,-9.1667,-60.6333,22.13,98,37,0.57,BR,1682507609
342,gadzhiyevo,69.2551,33.3362,0.29,90,61,1.94,RU,1682507610
343,zaysan,47.4667,84.8667,14.49,38,59,6.42,KZ,1682507610
344,aricak,38.5639,40.1347,16.83,47,99,5.69,TR,1682507610
345,curug,-6.2658,106.5564,28.8,61,40,3.09,ID,1682507611
346,sirte,31.2089,16.5887,25.37,30,1,3.06,LY,1682507611
347,menongue,-14.6585,17.691,30.08,23,43,4.77,AO,1682507612
348,katsuura,35.1333,140.3,17.52,89,99,6.14,JP,1682507612
349,kirakira,-10.4544,161.9205,26.32,82,100,0.99,SB,1682507613
350,xiaoweizhai,26.1903,107.5125,17.81,70,17,1.55,CN,1682507613
351,bumba,2.1833,22.4667,24.81,69,100,2.44,CD,1682507613
352,puerto san jose,13.9256,-90.8244,26.42,77,53,3.23,GT,1682507614
353,srivardhan,18.0333,73.0167,29.62,61,73,6.02,IN,1682507614
354,hilo,19.7297,-155.09,23.49,92,0,1.54,US,1682507615
355,kruisfontein,-34.0033,24.7314,27.71,35,59,2.02,ZA,1682507616
356,selebi-phikwe,-21.979,27.8498,31.27,28,7,5.36,BW,1682507616
357,al burayqah,30.4062,19.5739,23.7,38,0,3.69,LY,1682507616
358,xianyang,34.3378,108.7026,20.74,58,83,2.67,CN,1682507617
359,opuwo,-18.0607,13.84,31.71,30,8,3.2,NA,1682507617
360,newborough,52.6389,-0.2233,12.47,58,100,4.12,GB,1682507617
361,nantucket,41.2835,-70.0995,9.08,84,100,3.6,US,1682507618
362,utrik,11.2278,169.8474,26.89,81,89,10.66,MH,1682507618
363,tyukhtet,56.5389,89.3011,3.36,69,100,3.46,RU,1682507618
364,dalbandin,28.8947,64.4101,31.87,13,82,1.55,PK,1682507619
365,vilyuysk,63.7553,121.6247,0.27,89,99,3.26,RU,1682507619
366,seka,17.9285,103.9552,32.75,42,44,2.6,TH,1682507619
367,lucapa,-8.4192,20.7447,28.22,52,87,2.01,AO,1682507619
368,chongwe,-15.3292,28.682,28.71,27,58,4.36,ZM,1682507620
369,wattegama,6.7989,81.4808,30.35,66,89,3.25,LK,1682507620
370,cannonvale,-20.2833,148.7,24.66,68,73,9.03,AU,1682507621
371,kayangel,8.0823,134.7173,28.9,71,6,3.72,PW,1682507621
372,suoyarvi,62.0833,32.35,16.44,53,88,2.15,RU,1682507621
373,babaeski,41.4325,27.0931,17.79,64,81,2.45,TR,1682507621
374,conceicao do araguaia,-8.2578,-49.2647,24.32,81,100,0.75,BR,1682507621
375,ratnapura,6.6828,80.3992,27.46,88,90,0.67,LK,1682507622
376,sechelt,49.4664,-123.7694,10.75,87,100,1.61,CA,1682507419
377,beloyarskiy,63.7119,66.6722,1.0,99,80,1.77,RU,1682507622
378,auki,-8.7676,160.7034,25.69,84,99,1.2,SB,1682507622
379,lhasa,29.65,91.1,11.89,28,81,0.74,CN,1682507623
380,east ballina,-28.8667,153.5833,17.11,83,26,5.97,AU,1682507623
381,palmas,-10.2128,-48.3603,26.93,74,0,1.54,BR,1682507623
382,lindsay,36.203,-119.0882,20.0,87,0,3.6,US,1682507623
383,kismayo,-0.3582,42.5454,30.45,63,97,4.2,SO,1682507623
384,katsuren-haebaru,26.3369,127.8719,21.01,77,100,3.09,JP,1682507624
385,tugulym,57.0591,64.6425,24.04,32,100,3.9,RU,1682507624
386,saldanha,-33.0117,17.9442,17.59,69,96,2.96,ZA,1682507624
387,ostersund,63.1792,14.6357,1.25,86,100,3.09,SE,1682507508
388,pisco,-13.7,-76.2167,21.03,88,100,3.09,PE,1682507624
389,flin flon,54.7682,-101.865,0.19,98,100,6.29,CA,1682507625
390,matoury,4.8483,-52.3317,22.98,100,75,1.54,GF,1682507625
391,bakewar,26.6667,79.1833,36.45,12,98,3.14,IN,1682507625
392,ribeira brava,32.65,-17.0667,25.4,65,100,1.07,PT,1682507626
393,khash,28.2211,61.2158,26.78,12,61,3.24,IR,1682507626
394,manta,-0.95,-80.7333,24.88,88,75,0.0,EC,1682507627
395,nanuque,-17.8392,-40.3539,22.99,90,68,2.27,BR,1682507627
396,balabac,7.9868,117.0645,28.45,76,88,4.96,PH,1682507627
397,chichiriviche,10.9333,-68.2772,25.6,81,92,1.32,VE,1682507627
398,hafar al-batin,28.4328,45.9708,31.06,15,16,3.14,SA,1682507627
399,thatta,24.7475,67.9235,34.88,22,45,8.77,PK,1682507628
400,kendari,-3.945,122.4989,25.42,90,100,1.04,ID,1682507628
401,igrim,63.1906,64.4162,2.54,98,96,1.43,RU,1682507628
402,point pedro,9.8167,80.2333,29.61,71,91,5.05,LK,1682507628
403,yantongshan,43.2919,126.0094,7.67,40,3,2.13,CN,1682507629
404,west island,-12.1568,96.8225,27.99,78,100,7.72,CC,1682507629
405,araruna,-6.5583,-35.7417,23.85,82,67,5.04,BR,1682507629
406,fairview,40.8126,-73.999,9.71,64,100,3.6,US,1682507629
407,toliara,-23.35,43.6667,27.41,50,0,6.85,MG,1682507629
408,dolores,-36.3132,-57.6792,14.8,93,94,2.52,AR,1682507630
409,miri,4.4148,114.0089,27.32,84,100,3.46,MY,1682507630
410,huambo,-12.7761,15.7392,25.53,42,24,4.05,AO,1682507630
411,port hedland,-20.3167,118.5667,27.03,83,98,3.6,AU,1682507630
412,itaituba,-4.2761,-55.9836,23.55,91,100,0.41,BR,1682507631
413,dachne,44.8833,34.9833,15.95,57,52,3.83,UA,1682507631
414,papao,-17.75,-149.55,24.82,81,90,4.81,PF,1682507632
415,saint-henri,46.6921,-71.0671,5.03,93,97,2.07,CA,1682507632
416,lincoln city,44.9582,-124.0179,7.67,94,100,0.45,US,1682507632
417,dalandzadgad,43.5708,104.425,11.82,14,32,8.58,MN,1682507633
418,gandajika,-6.75,23.95,28.67,61,67,0.03,CD,1682507633
419,kolonia,50.9333,6.95,11.99,53,75,3.09,DE,1682507515
420,brandon,27.9378,-82.2859,21.04,90,0,2.57,US,1682507592
421,nadym,65.5333,72.5167,0.22,85,9,3.51,RU,1682507368
422,burela de cabo,43.65,-7.4,17.34,79,100,2.69,ES,1682507633
423,minot,48.2325,-101.2963,2.23,69,0,2.06,US,1682507538
424,lethbridge,49.7,-112.8186,5.41,79,100,1.34,CA,1682507358
425,merritt,50.1123,-120.7942,5.18,69,100,0.45,CA,1682507634
426,ilovlya,49.3033,43.9796,20.83,39,22,5.03,RU,1682507634
427,al ghayzah,16.2079,52.176,32.23,56,2,8.58,YE,1682507634
428,westport,41.1415,-73.3579,8.43,81,0,2.57,US,1682507635
429,aldan,58.6031,125.3894,-5.38,78,73,1.71,RU,1682507635
430,cockburn town,21.4612,-71.1419,25.45,75,2,4.71,TC,1682507635
431,santa cecilia,-26.9608,-50.4269,13.08,99,100,1.19,BR,1682507635
432,khekra,28.8667,77.2833,34.03,12,100,2.19,IN,1682507636
433,kende,11.5197,4.2603,39.43,23,98,3.68,NG,1682507636
434,midvagur,62.0511,-7.1939,3.46,81,75,5.14,FO,1682507637
435,inarajan village,13.2736,144.7484,27.54,93,15,8.2,GU,1682507637
436,hell-ville,-13.4,48.2667,28.04,72,44,2.12,MG,1682507637
437,machico,32.7,-16.7667,25.4,67,20,2.57,PT,1682507637
438,brisas de zicatela,15.8369,-97.0419,24.83,76,83,3.47,MX,1682507637
439,fisterra,42.9049,-9.2629,18.19,92,100,4.77,ES,1682507637
440,myeik,12.4333,98.6,25.67,89,83,2.77,MM,1682507638
441,al jubayl,27.0112,49.6583,27.31,44,98,6.26,SA,1682507410
442,laguna,38.421,-121.4238,15.73,77,0,2.06,US,1682507638
443,santa terezinha,-29.9002,-50.0904,18.92,92,100,1.33,BR,1682507638
444,nabire,-3.3667,135.4833,26.58,83,90,0.37,ID,1682507639
445,san clemente,33.427,-117.612,16.19,89,10,0.45,US,1682507639
446,cukai,4.25,103.4167,27.85,77,100,3.23,MY,1682507639
447,kratovo,42.0792,22.1814,8.33,81,100,4.13,MK,1682507639
448,holdrege,40.4403,-99.3698,5.95,81,100,4.12,US,1682507639
449,daru,-9.0763,143.2092,26.72,88,100,7.37,PG,1682507640
450,hadithah,34.1397,42.3781,29.52,23,1,3.73,IQ,1682507640
451,kargasok,59.0556,80.8572,1.86,96,100,1.48,RU,1682507640
452,kurumkan,54.3,110.3,8.02,44,36,3.06,RU,1682507640
453,charles city,43.0664,-92.6724,0.08,93,0,2.57,US,1682507641
454,banff,51.1762,-115.5698,-1.39,97,90,1.96,CA,1682507641
455,mangai,-4.05,19.5333,34.32,42,95,0.51,CD,1682507641
456,duki,30.1541,68.5728,28.11,15,100,5.71,PK,1682507641
457,dubbo,-32.25,148.6167,16.07,63,36,4.12,AU,1682507642
458,sao mateus do sul,-25.8742,-50.3828,14.23,99,100,1.67,BR,1682507642
459,okahandja,-21.9833,16.9167,31.06,25,1,4.9,NA,1682507643
460,zabaykal'sk,49.6333,117.3167,10.26,18,23,3.19,RU,1682507643
461,novomyrhorod,48.7811,31.642,16.03,53,100,6.42,UA,1682507644
462,yuzhno-kurilsk,44.0306,145.8556,5.43,98,100,7.18,RU,1682507644
463,haffouz,35.6324,9.6762,28.26,22,9,3.61,TN,1682507645
464,muncar,-8.4333,114.3333,25.87,90,94,2.17,ID,1682507645
465,caluso,45.305,7.8957,19.21,36,62,0.45,IT,1682507645
466,manokwari,-0.8667,134.0833,27.22,78,73,0.78,ID,1682507646
467,adrar,20.5022,-10.0711,35.94,8,2,5.05,MR,1682507646
468,meulaboh,4.1363,96.1285,27.74,83,87,1.52,ID,1682507647
469,vikulovo,56.8167,70.6107,21.29,30,100,4.32,RU,1682507647
470,new norfolk,-42.7826,147.0587,16.72,57,45,1.24,AU,1682507649
471,kuchaiburi,22.2667,86.1667,33.94,25,88,1.33,IN,1682507650
472,mata-utu,-13.2816,-176.1745,28.12,77,60,4.77,WF,1682507650
473,sonipat,28.9833,77.0167,34.0,11,100,2.96,IN,1682507650
474,pacific grove,36.6177,-121.9166,11.42,94,100,0.0,US,1682507651
475,igarka,67.4667,86.5833,-2.76,95,100,6.68,RU,1682507651
476,mont-dore,-22.2833,166.5833,23.89,99,100,2.06,NC,1682507651
477,magugu,-4.0167,35.7667,28.45,49,100,2.07,TZ,1682507652
478,mar del plata,-38.0023,-57.5575,15.61,99,100,2.57,AR,1682507652
479,santana,-0.0583,-51.1817,25.1,100,75,2.57,BR,1682507369
480,kirensk,57.7853,108.1119,4.12,80,90,1.36,RU,1682507653
481,macau,22.2006,113.5461,25.48,73,40,2.57,MO,1682507653
482,margate,51.3813,1.3862,11.28,59,75,0.89,GB,1682507653
483,tobelo,1.7284,128.0095,27.24,83,71,1.76,ID,1682507653
484,roxas,11.5853,122.7511,27.3,75,73,1.83,PH,1682507654
485,along,28.1667,94.7667,26.4,55,89,1.11,IN,1682507655
486,lata,40.1629,-8.3327,25.83,46,71,1.66,PT,1682507655
487,tanguieta,10.6212,1.2665,37.0,31,74,3.16,BJ,1682507655
488,chibougamau,49.9168,-74.3659,0.79,100,100,1.03,CA,1682507656
489,san pedro pochutla,15.7333,-96.4667,22.62,79,78,2.08,MX,1682507657
490,kapa'a,22.0752,-159.319,22.18,77,100,2.06,US,1682507658
491,namtsy,62.7161,129.6658,-3.29,96,90,1.71,RU,1682507658
492,campillos,37.0483,-4.8631,30.94,14,1,1.27,ES,1682507659
493,san andres,12.5847,-81.7006,24.01,83,20,1.03,CO,1682507659
494,farsala,39.2947,22.3847,24.07,43,13,6.82,GR,1682507660
495,vanimo,-2.6741,141.3028,26.42,88,94,2.01,PG,1682507660
496,monteagudo,-19.8167,-63.9833,14.25,98,55,0.81,BO,1682507477
497,venice,27.0998,-82.4543,21.66,97,0,3.09,US,1682507554
498,richards bay,-28.783,32.0377,28.05,58,3,4.15,ZA,1682507661
499,punta del este,-34.9667,-54.95,18.26,97,75,4.92,UY,1682507662
500,gargalianoi,37.0667,21.6333,17.42,76,97,5.64,GR,1682507662
501,muynoq,43.7683,59.0214,28.82,13,60,7.72,UZ,1682507662
502,keflavik,64.0049,-22.5624,2.24,87,75,3.6,IS,1682507662
503,huinan,42.6225,126.2614,8.37,36,0,1.75,CN,1682507663
504,mae sot,16.7167,98.5667,28.57,75,60,2.06,TH,1682507663
505,revda,56.801,59.9303,17.46,44,100,3.94,RU,1682507467
506,treuchtlingen,48.95,10.9167,12.98,52,52,2.56,DE,1682507664
507,raja,8.4596,25.678,36.23,30,100,3.26,SS,1682507664
508,yanykurgan,43.915,67.2481,25.71,13,0,13.4,KZ,1682507665
509,goz beida,13.95,20.55,40.88,6,36,4.97,TD,1682507665
510,kingscliff,-28.2667,153.5667,18.89,88,75,3.09,AU,1682507666
511,manhattan,40.7834,-73.9662,10.37,65,100,3.6,US,1682507394
512,mae hong son,19.3003,97.9685,32.84,35,38,0.86,TH,1682507667
513,nagqu,31.5,92.0,5.59,24,68,6.09,CN,1682507668
514,swakopmund,-22.6833,14.5333,17.77,86,9,2.24,NA,1682507668
515,tucurui,-3.7661,-49.6725,25.61,83,88,0.47,BR,1682507669
516,maceio,-9.6658,-35.7353,26.69,89,40,1.03,BR,1682507669
517,constitucion,-35.3333,-72.4167,14.52,62,100,1.81,CL,1682507669
518,chui,-33.6971,-53.4616,16.65,95,84,2.03,UY,1682507670
519,gbadolite,4.2833,21.0167,29.21,69,95,3.76,CD,1682507670
520,zhob,31.3411,69.4481,27.61,12,94,5.35,PK,1682507671
521,grand baie,-20.0182,57.5802,29.14,74,10,1.79,MU,1682507543
522,san patricio,28.017,-97.5169,23.97,96,100,4.33,US,1682507672
523,terrace,54.5163,-128.6035,4.11,100,100,1.12,CA,1682507672
524,saudarkrokur,65.7461,-19.6394,0.49,51,21,1.56,IS,1682507673
525,mukalla,14.5425,49.1242,31.29,59,1,4.55,YE,1682507673
526,port hueneme,34.1478,-119.1951,12.73,95,100,1.54,US,1682507673
527,vorkuta,67.5,64.0,-2.73,88,99,4.93,RU,1682507673
528,ha'il,27.5219,41.6907,27.01,47,40,5.14,SA,1682507671
529,rudsar,37.1376,50.288,18.99,75,44,3.43,IR,1682507674
530,beboto,8.2668,16.939,38.53,24,58,2.39,TD,1682507674
531,porto novo,6.4965,2.6036,32.47,59,100,5.46,BJ,1682507675
532,batroun,34.2553,35.6581,21.41,72,65,4.2,LB,1682507675
533,bay harbor,30.1471,-85.6146,18.34,93,0,2.57,US,1682507675
534,khandyga,62.6667,135.6,-2.93,92,61,1.14,RU,1682507676
535,villaguay,-31.8653,-59.0269,14.28,92,42,1.77,AR,1682507676
536,priargunsk,50.3691,119.1012,8.87,22,33,4.29,RU,1682507676
537,nova vicosa,-17.8919,-39.3719,24.56,86,16,1.56,BR,1682507676
538,villamontes,-21.25,-63.5,14.33,96,18,2.19,BO,1682507677
539,parry sound,45.3501,-80.033,1.75,95,100,1.58,CA,1682507677
540,brokopondo,4.75,-55.1667,23.05,96,100,3.31,SR,1682507677
541,dwarka,22.2394,68.9678,28.6,59,9,6.6,IN,1682507677
542,namsos,64.4662,11.4957,3.03,87,75,1.03,NO,1682507678
543,arteaga,18.4667,-102.4167,16.09,72,96,0.52,MX,1682507678
544,marka,1.7159,44.7717,31.36,59,100,4.49,SO,1682507678
545,zouerate,22.7187,-12.4521,35.05,12,1,4.27,MR,1682507679
546,devarkonda,16.7,78.9333,35.53,30,58,2.56,IN,1682507679
547,nova londrina,-22.7658,-52.985,19.32,98,99,1.27,BR,1682507679
548,roosevelt,33.9668,-103.4505,8.83,55,46,5.3,US,1682507679
549,petrozavodsk,61.7849,34.3469,17.7,34,0,3.0,RU,1682507679
550,whakatane,-37.9585,176.9854,14.17,85,23,0.45,NZ,1682507680
551,sherbakul',54.6316,72.3963,23.37,22,60,5.11,RU,1682507680
552,la'ie,21.6477,-157.9253,23.98,80,92,0.89,US,1682507680
553,terbuny,52.1389,38.2789,17.17,47,44,6.83,RU,1682507680
554,dembi dolo,8.5333,34.8,24.75,49,87,3.41,ET,1682507681
555,minas de marcona,-15.2119,-75.1103,15.87,88,13,2.77,PE,1682507681
556,karratha,-20.7377,116.8463,27.3,51,100,4.66,AU,1682507681
557,mudgee,-32.5943,149.5871,13.21,80,20,2.9,AU,1682507682
558,korla,41.7597,86.1469,18.56,29,24,4.49,CN,1682507682
559,peniche,39.3558,-9.3811,24.05,71,61,3.71,PT,1682507682
560,sisimiut,66.9395,-53.6735,0.65,99,100,1.53,GL,1682507682
561,wladyslawowo,54.7909,18.4009,6.63,62,79,9.85,PL,1682507683
562,taro,-8.3862,115.28,25.0,97,98,0.38,ID,1682507683
563,ambodifotatra,-16.9833,49.85,27.43,72,43,7.48,MG,1682507683
564,paracatu,-17.2222,-46.8747,21.33,70,0,2.11,BR,1682507484
565,dehdasht,30.7949,50.5646,27.37,25,100,3.38,IR,1682507684
566,chachoengsao,13.6167,101.4167,33.1,61,96,3.94,TH,1682507684
567,dunedin,-45.8742,170.5036,11.0,68,31,3.58,NZ,1682507684
568,saint-francois,46.4154,3.9054,16.09,52,0,2.06,FR,1682507685
569,san juan,-31.5375,-68.5364,15.94,58,84,1.17,AR,1682507585
570,kabansk,52.0486,106.6528,-1.84,96,100,4.94,RU,1682507685
571,new castle,41.0037,-80.347,4.7,90,100,0.0,US,1682507686
572,taksimo,56.3444,114.8794,2.75,52,76,2.05,RU,1682507686
573,cromer,52.9312,1.2989,11.57,49,96,2.68,GB,1682507686
